USE Project
GO

-- Insert ke table User
INSERT INTO [User] (UserID, UserFullName, UserNickname, UserEmail, UserCity)
VALUES ('USR001', 'Kevin Tanuwijaya', 'Kevinn', 'kevin@mail.com', 'Bandung')
INSERT INTO [User] (UserID, UserFullName, UserNickname, UserEmail, UserCity)
VALUES ('USR002', 'Davin William', 'Davinn', 'davin@mail.com', 'Jakarta')
INSERT INTO [User] (UserID, UserFullName, UserNickname, UserEmail, UserCity)
VALUES ('USR003', 'Cody Tanaka', 'Codyyy', 'cody@mail.com', 'Jakarta')
INSERT INTO [User] (UserID, UserFullName, UserNickname, UserEmail, UserCity)
VALUES ('USR004', 'Marcellino', 'Marcell', 'marcell@mail.com', 'Tangerang')
INSERT INTO [User] (UserID, UserFullName, UserNickname, UserEmail, UserCity)
VALUES ('USR005', 'Steven Santoso', 'Steven', 'steven@mail.com', 'Jakarta')
INSERT INTO [User] (UserID, UserFullName, UserNickname, UserEmail, UserCity)
VALUES ('USR006', 'Daniel', 'Daniell', 'Daniel@mail.com', 'Tangerang')
INSERT INTO [User] (UserID, UserFullName, UserNickname, UserEmail, UserCity)
VALUES ('USR007', 'Kendricko Adrio', 'Rickoo', 'ricko@mail.com', 'Tangerang')
INSERT INTO [User] (UserID, UserFullName, UserNickname, UserEmail, UserCity)
VALUES ('USR008', 'Valerius Robert', 'Robert', 'robert@mail.com', 'Tangerang')
INSERT INTO [User] (UserID, UserFullName, UserNickname, UserEmail, UserCity)
VALUES ('USR009', 'Antonius Cipta', 'Antonn', 'anton@mail.com', 'Tangerang')
INSERT INTO [User] (UserID, UserFullName, UserNickname, UserEmail, UserCity)
VALUES ('USR010', 'Theodorus Devrison', 'Theooo', 'theo@mail.com', 'Tangerang')
INSERT INTO [User] (UserID, UserFullName, UserNickname, UserEmail, UserCity)
VALUES ('USR011', 'Hezekia Caleb', 'hezehh', 'Hezekia@mail.com', 'Jakarta')
INSERT INTO [User] (UserID, UserFullName, UserNickname, UserEmail, UserCity)
VALUES ('USR012', 'Zefiruadijbaid', 'aaahaaa', 'ajdbahuv@mail.com', 'Jakarta')
INSERT INTO [User] (UserID, UserFullName, UserNickname, UserEmail, UserCity)
VALUES ('USR013', 'adhauydawa', 'buahahah', 'buahahah@mail.com', 'Jakarta')



-- Insert ke table Director
INSERT INTO Director (DirectorID, DirectorName, DirectorEmail, DirectorPhone)
VALUES ('DIR001', 'Steven Spielberg', 'stevenSpielberg@mail.com', '0812345678912')
INSERT INTO Director (DirectorID, DirectorName, DirectorEmail, DirectorPhone)
VALUES ('DIR002', 'Martin Scorsese', 'mScorsese@mail.com', '0812345678913')
INSERT INTO Director (DirectorID, DirectorName, DirectorEmail, DirectorPhone)
VALUES ('DIR003', 'Quentin Tarantino', 'quentinTg@mail.com', '0812345678914')
INSERT INTO Director (DirectorID, DirectorName, DirectorEmail, DirectorPhone)
VALUES ('DIR004', 'Christopher Nolan', 'cNolan@mail.com', '0812345678915')
INSERT INTO Director (DirectorID, DirectorName, DirectorEmail, DirectorPhone)
VALUES ('DIR005', 'Spike Lee', 'spikeLeeg@mail.com', '0812345678916')
INSERT INTO Director (DirectorID, DirectorName, DirectorEmail, DirectorPhone)
VALUES ('DIR006', 'James Cameron', 'cameronJames@mail.com', '0812345678917')
INSERT INTO Director (DirectorID, DirectorName, DirectorEmail, DirectorPhone)
VALUES ('DIR007', 'Tim Burton', 'timBurtong@mail.com', '0812345678918')
INSERT INTO Director (DirectorID, DirectorName, DirectorEmail, DirectorPhone)
VALUES ('DIR008', 'Davin Lynch', 'davinLynch@mail.com', '0812345678919')
INSERT INTO Director (DirectorID, DirectorName, DirectorEmail, DirectorPhone)
VALUES ('DIR009', 'David Fincher', 'fincherDavid@mail.com', '0812345678920')
INSERT INTO Director (DirectorID, DirectorName, DirectorEmail, DirectorPhone)
VALUES ('DIR010', 'Ridley Scott', 'scottRidley@mail.com', '0812345678921')



-- Insert ke table Publisher
INSERT INTO Publisher (PublisherID, PublisherName, PublisherEmail, PublisherPhone, PublisherAddress, PublisherCity)
VALUES ('PUB001', 'publisher A', 'pubisherA@mail.com', '0813345678912', 'Jalan Manggarai 12 nomor 34', 'Jakarta')
INSERT INTO Publisher (PublisherID, PublisherName, PublisherEmail, PublisherPhone, PublisherAddress, PublisherCity)
VALUES ('PUB002', 'publisher B', 'publisherB@mail.com', '0813345678913', 'Jalan Hartono 02 nomor 134', 'Medan')
INSERT INTO Publisher (PublisherID, PublisherName, PublisherEmail, PublisherPhone, PublisherAddress, PublisherCity)
VALUES ('PUB003', 'publisher C', 'publisherC@mail.com', '0813345678914', 'Jalan Kuning Merah 22 nomor 03', 'Jakarta')
INSERT INTO Publisher (PublisherID, PublisherName, PublisherEmail, PublisherPhone, PublisherAddress, PublisherCity)
VALUES ('PUB004', 'publisher D', 'publisherD@mail.com', '0813345678915', 'Jalan Kuku Macan 51 nomor 66', 'Jakarta')
INSERT INTO Publisher (PublisherID, PublisherName, PublisherEmail, PublisherPhone, PublisherAddress, PublisherCity)
VALUES ('PUB005', 'publisher E', 'publisherE@mail.com', '0813345678916', 'Jalan lompat tali 01 nomor 34-41', 'Tangerang')
INSERT INTO Publisher (PublisherID, PublisherName, PublisherEmail, PublisherPhone, PublisherAddress, PublisherCity)
VALUES ('PUB006', 'publisher F', 'publisherF@mail.com', '0813345678917', 'Jalan Manggarai 12 nomor 303', 'Makassar')
INSERT INTO Publisher (PublisherID, PublisherName, PublisherEmail, PublisherPhone, PublisherAddress, PublisherCity)
VALUES ('PUB007', 'publisher G', 'publisherG@mail.com', '0813345678918', 'Jalan Melati wangi 04 nomor 44', 'Jakarta')
INSERT INTO Publisher (PublisherID, PublisherName, PublisherEmail, PublisherPhone, PublisherAddress, PublisherCity)
VALUES ('PUB008', 'publisher H', 'publisherH@mail.com', '0813345678919', 'Jalan Soekarno 29 nomor 91', 'Tangerang')
INSERT INTO Publisher (PublisherID, PublisherName, PublisherEmail, PublisherPhone, PublisherAddress, PublisherCity)
VALUES ('PUB009', 'publisher I', 'publisherI@mail.com', '0813345678920', 'Jalan Hatta 44 nomor 154', 'Bogor')
INSERT INTO Publisher (PublisherID, PublisherName, PublisherEmail, PublisherPhone, PublisherAddress, PublisherCity)
VALUES ('PUB010', 'publisher J', 'publisherJ@mail.com', '0813345678921', 'Jalan Tukar tambah 10 nomor 10', 'Tangerang')



-- Insert ke table Movie
INSERT INTO Movie (MovieID, DirectorID, PublisherID, MovieTitle, MovieReleaseDate, Price, MovieDescription)
VALUES ('MOV001', 'DIR001', 'PUB001', 'Movie A', '2011/04/28', 50000,'Film bercerita mengenai kisah susah seorang wirausahawan muda yang memulai karier dengan menjual roti sobek di pinggir jalan kyai haji rokso nomor 90.')
INSERT INTO Movie (MovieID, DirectorID, PublisherID, MovieTitle, MovieReleaseDate, Price, MovieDescription)
VALUES ('MOV002', 'DIR002', 'PUB006', 'Movie B', '2011/06/18', 50000,'Film bercerita mengenai kisah seorang pencinta binatang yang rela mengorbankan jiwanya untuk melindungi sebuah habitat havana afrika selatan dimana banyak pemburu liar memburu daging ikan goreng.')
INSERT INTO Movie (MovieID, DirectorID, PublisherID, MovieTitle, MovieReleaseDate, Price, MovieDescription)
VALUES ('MOV003', 'DIR003', 'PUB002', 'Movie C', '2011/12/08', 50000,'Film bercerita mengenai kisah seorang murid yang belajar setiap hari dan mendapat nilai bagus akhirnya ia membeli mobil lamborghini dan tesla dan motor mahal sekali yang hebat.')
INSERT INTO Movie (MovieID, DirectorID, PublisherID, MovieTitle, MovieReleaseDate, Price, MovieDescription)
VALUES ('MOV004', 'DIR004', 'PUB004', 'Movie D', '2012/03/02', 50000,'Film ini bercerita mengenai sebuah orang yang rajin mengetik tulisan pada layar dan berpindah ke sel sel penjara 100 jiwa raksasa.')
INSERT INTO Movie (MovieID, DirectorID, PublisherID, MovieTitle, MovieReleaseDate, Price, MovieDescription)
VALUES ('MOV005', 'DIR005', 'PUB010', 'Movie E', '2012/06/28', 50000,'Film kisah persekolahn tentang sekolah yanng punya sekolah di dalam sekolah, ada yang sekolah dan ada yamng tidak sekolah. Tetapi film memiliki rating bagus')
INSERT INTO Movie (MovieID, DirectorID, PublisherID, MovieTitle, MovieReleaseDate, Price, MovieDescription)
VALUES ('MOV006', 'DIR006', 'PUB009', 'Movie F', '2012/09/04', 50000,'Memasuki pekan terakhir di November, Netflis menghadirkan film orisinal yang jadi salah satu tontonan yang diantisipasi, yakni Hillbilly Elegy. Pasalnya, kisah drama tersebut diangkat dari memoar terlaris pada 2016 berjudul sama karya pengusaha J.D. Vance.')
INSERT INTO Movie (MovieID, DirectorID, PublisherID, MovieTitle, MovieReleaseDate, Price, MovieDescription)
VALUES ('MOV007', 'DIR007', 'PUB007', 'Movie G', '2012/11/09', 50000,'The SpongeBot Movie: Sponge on the Run (2020) menjadi salah satu proyek film yang gagal tayang di bioskop secara global akibat adanya pandemi Corona tahun ini. Meski begitu, film animasi produksi Nickelodeon ini akhirnya menjadi konten orisinal Netflix dan tayang secara global lewat layanan streaming asal Amerika Serikat tersebut.')
INSERT INTO Movie (MovieID, DirectorID, PublisherID, MovieTitle, MovieReleaseDate, Price, MovieDescription)
VALUES ('MOV008', 'DIR008', 'PUB008', 'Movie H', '2013/01/05', 50000,'Film ini bercerita mengenai animasi ikan laut dan ikan darat yang bersama-sama menjadi ikan kodok di angkasa selatan mengudara selamanya dengan bahagia.')
INSERT INTO Movie (MovieID, DirectorID, PublisherID, MovieTitle, MovieReleaseDate, Price, MovieDescription)
VALUES ('MOV009', 'DIR009', 'PUB003', 'Movie I', '2013/02/21', 50000,'Film sangat tidak bagus sekali, faktor dan keindahan juga sudah oke. Dengan saran tambahan plus cuaca bagus. Suara juga sudah bagus.')
INSERT INTO Movie (MovieID, DirectorID, PublisherID, MovieTitle, MovieReleaseDate, Price, MovieDescription)
VALUES ('MOV010', 'DIR010', 'PUB005', 'Movie J', '2013/09/14', 50000,'Film ini sangat amat tidak bagus cuaca dan keindahan juga sudah jelek. Dengan saran tambahan plus cuaca bagus. Suara juga sudah bagus.')
INSERT INTO Movie (MovieID, DirectorID, PublisherID, MovieTitle, MovieReleaseDate, Price, MovieDescription)
VALUES ('MOV011', 'DIR005', 'PUB002', 'Movie K', '2014/06/28', 50000,'Film ini sangat sangat bagus sekali dan faktor dan keindahan juga sudah oke. Dengan saran tambahan plus cuaca bagus. Suara juga sudah bagus.')
INSERT INTO Movie (MovieID, DirectorID, PublisherID, MovieTitle, MovieReleaseDate, Price, MovieDescription)
VALUES ('MOV012', 'DIR006', 'PUB009', 'Movie L', '2014/09/04', 50000,'Film dokumenter HBOE yang mendapat pujian kritis tentang kehidupan pesepakbola ikonik tersebut, terasa hampir wajib setelah kematian pemain legendaris asal Argentina itu di usia 60 tahun')
INSERT INTO Movie (MovieID, DirectorID, PublisherID, MovieTitle, MovieReleaseDate, Price, MovieDescription)
VALUES ('MOV013', 'DIR002', 'PUB001', 'Movie M', '2015/03/09', 50000,'Film dokumenter ini dibuat dengan menggunakan lebih dari 500 jam rekaman yang belum pernah dilihat sebelumnya, dan sebagian besar bersetting sekitar waktu transfer Diego Maradona di Barcelona dan Napoli pada tahun 1984, dan kesuksesan berikutnya yang dinikmati penyerang tersebut selama waktunya di Italia.')
INSERT INTO Movie (MovieID, DirectorID, PublisherID, MovieTitle, MovieReleaseDate, Price, MovieDescription)
VALUES ('MOV014', 'DIR007', 'PUB010', 'Movie N', '2016/01/05', 50000,'Ada serial yang seru dari Mola TV, berjudul Youngerer. Serial ini telah memasuki season ketujuh, dan tercatat hingga kini merupakan serial terpanjang dalam sejarah jaringan TV Land, tempat dimana serial ini melakukan penayangan perdananya. Lokasi pembuatan film yang telah tayang perdana pada tahun 2015 ini adalah di Kota New York.')
INSERT INTO Movie (MovieID, DirectorID, PublisherID, MovieTitle, MovieReleaseDate, Price, MovieDescription)
VALUES ('MOV015', 'DIR004', 'PUB003', 'Movie O', '2016/07/21', 50000,'Inti cerita adalah mengenai seorang Ibu bernama Lisa (diperankan oleh Sutton Fostere) yang telah lama berhenti bekerja dan meniti karirnya, untuk mengurus rumah tangga dan membesarkan
anaknya. Hingga akhirnya pada suatu titik kehidupan, ia ingin kembali lagi bekerja dan rela melakukan apa saja.')



-- Insert ke table Genre
INSERT INTO Genre (GenreID, GenreName)
VALUES ('GEN001', 'Genre AA')
INSERT INTO Genre (GenreID, GenreName)
VALUES ('GEN002', 'Genre BA')
INSERT INTO Genre (GenreID, GenreName)
VALUES ('GEN003', 'Genre CA')
INSERT INTO Genre (GenreID, GenreName)
VALUES ('GEN004', 'Genre DA')
INSERT INTO Genre (GenreID, GenreName)
VALUES ('GEN005', 'Genre EA')
INSERT INTO Genre (GenreID, GenreName)
VALUES ('GEN006', 'Genre FA')
INSERT INTO Genre (GenreID, GenreName)
VALUES ('GEN007', 'Genre GA')
INSERT INTO Genre (GenreID, GenreName)
VALUES ('GEN008', 'Genre HA')
INSERT INTO Genre (GenreID, GenreName)
VALUES ('GEN009', 'Genre IA')
INSERT INTO Genre (GenreID, GenreName)
VALUES ('GEN010', 'Genre JA')



-- Insert ke Movie_Genre
INSERT INTO Movie_Genre (GenreID, MovieID)
VALUES ('GEN001', 'MOV001')
INSERT INTO Movie_Genre (GenreID, MovieID)
VALUES ('GEN003', 'MOV001')
INSERT INTO Movie_Genre (GenreID, MovieID)
VALUES ('GEN002', 'MOV003')
INSERT INTO Movie_Genre (GenreID, MovieID)
VALUES ('GEN002', 'MOV004')
INSERT INTO Movie_Genre (GenreID, MovieID)
VALUES ('GEN010', 'MOV004')
INSERT INTO Movie_Genre (GenreID, MovieID)
VALUES ('GEN009', 'MOV004')
INSERT INTO Movie_Genre (GenreID, MovieID)
VALUES ('GEN004', 'MOV007')
INSERT INTO Movie_Genre (GenreID, MovieID)
VALUES ('GEN001', 'MOV007')
INSERT INTO Movie_Genre (GenreID, MovieID)
VALUES ('GEN008', 'MOV008')
INSERT INTO Movie_Genre (GenreID, MovieID)
VALUES ('GEN002', 'MOV008')
INSERT INTO Movie_Genre (GenreID, MovieID)
VALUES ('GEN006', 'MOV009')
INSERT INTO Movie_Genre (GenreID, MovieID)
VALUES ('GEN007', 'MOV009')
INSERT INTO Movie_Genre (GenreID, MovieID)
VALUES ('GEN005', 'MOV010')
INSERT INTO Movie_Genre (GenreID, MovieID)
VALUES ('GEN006', 'MOV011')
INSERT INTO Movie_Genre (GenreID, MovieID)
VALUES ('GEN001', 'MOV012')
INSERT INTO Movie_Genre (GenreID, MovieID)
VALUES ('GEN007', 'MOV012')
INSERT INTO Movie_Genre (GenreID, MovieID)
VALUES ('GEN002', 'MOV013')
INSERT INTO Movie_Genre (GenreID, MovieID)
VALUES ('GEN006', 'MOV013')
INSERT INTO Movie_Genre (GenreID, MovieID)
VALUES ('GEN008', 'MOV014')
INSERT INTO Movie_Genre (GenreID, MovieID)
VALUES ('GEN009', 'MOV014')
INSERT INTO Movie_Genre (GenreID, MovieID)
VALUES ('GEN002', 'MOV015')
INSERT INTO Movie_Genre (GenreID, MovieID)
VALUES ('GEN004', 'MOV015')


/*
USE master
DROP DATABASE Project
*/