USE Project
/*
USE master
*/
GO

-- Insert ke table SalesTransaction
INSERT INTO SalesTransaction (TransactionID, UserID, TransactionDate)
VALUES ('SAL001', 'USR001', '2011/04/21')
INSERT INTO SalesTransaction (TransactionID, UserID, TransactionDate)
VALUES ('SAL002', 'USR001', '2011/04/29')
INSERT INTO SalesTransaction (TransactionID, UserID, TransactionDate)
VALUES ('SAL003', 'USR001', '2011/06/19')
INSERT INTO SalesTransaction (TransactionID, UserID, TransactionDate)
VALUES ('SAL004', 'USR002', '2011/04/20')
INSERT INTO SalesTransaction (TransactionID, UserID, TransactionDate)
VALUES ('SAL005', 'USR002', '2011/06/09')
INSERT INTO SalesTransaction (TransactionID, UserID, TransactionDate)
VALUES ('SAL006', 'USR003', '2011/12/22')
INSERT INTO SalesTransaction (TransactionID, UserID, TransactionDate)
VALUES ('SAL007', 'USR004', '2012/09/04')
INSERT INTO SalesTransaction (TransactionID, UserID, TransactionDate)
VALUES ('SAL008', 'USR004', '2015/03/19')
INSERT INTO SalesTransaction (TransactionID, UserID, TransactionDate)
VALUES ('SAL009', 'USR005', '2013/01/13')
INSERT INTO SalesTransaction (TransactionID, UserID, TransactionDate)
VALUES ('SAL010', 'USR005', '2014/09/10')
INSERT INTO SalesTransaction (TransactionID, UserID, TransactionDate)
VALUES ('SAL011', 'USR007', '2012/09/07')
INSERT INTO SalesTransaction (TransactionID, UserID, TransactionDate)
VALUES ('SAL012', 'USR007', '2013/02/21')
INSERT INTO SalesTransaction (TransactionID, UserID, TransactionDate)
VALUES ('SAL013', 'USR009', '2016/01/20')
INSERT INTO SalesTransaction (TransactionID, UserID, TransactionDate)
VALUES ('SAL014', 'USR010', '2012/11/12')
INSERT INTO SalesTransaction (TransactionID, UserID, TransactionDate)
VALUES ('SAL015', 'USR010', '2014/09/17')
INSERT INTO SalesTransaction (TransactionID, UserID, TransactionDate)
VALUES ('SAL016', 'USR010', '2014/09/27')
INSERT INTO SalesTransaction (TransactionID, UserID, TransactionDate)
VALUES ('SAL017', 'USR002', '2012/09/17')
INSERT INTO SalesTransaction (TransactionID, UserID, TransactionDate)
VALUES ('SAL018', 'USR006', '2014/09/17')
INSERT INTO SalesTransaction (TransactionID, UserID, TransactionDate)
VALUES ('SAL019', 'USR006', '2015/03/17')
INSERT INTO SalesTransaction (TransactionID, UserID, TransactionDate)
VALUES ('SAL020', 'USR004', '2013/02/24')
INSERT INTO SalesTransaction (TransactionID, UserID, TransactionDate)
VALUES ('SAL021', 'USR009', '2011/04/30')
INSERT INTO SalesTransaction (TransactionID, UserID, TransactionDate)
VALUES ('SAL022', 'USR007', '2013/09/17')
INSERT INTO SalesTransaction (TransactionID, UserID, TransactionDate)
VALUES ('SAL023', 'USR007', '2016/07/22')
INSERT INTO SalesTransaction (TransactionID, UserID, TransactionDate)
VALUES ('SAL024', 'USR009', '2016/07/28')
INSERT INTO SalesTransaction (TransactionID, UserID, TransactionDate)
VALUES ('SAL025', 'USR003', '2012/11/17')
INSERT INTO SalesTransaction (TransactionID, UserID, TransactionDate)
VALUES ('SAL026', 'USR011', '2011/11/19')
INSERT INTO SalesTransaction (TransactionID, UserID, TransactionDate)
VALUES ('SAL027', 'USR012', '2011/08/19')
INSERT INTO SalesTransaction (TransactionID, UserID, TransactionDate)
VALUES ('SAL028', 'USR013', '2011/11/19')


-- Insert ke table DetailTransaction
INSERT INTO DetailTransaction (MovieID, TransactionID, Quantity)
VALUES ('MOV001', 'SAL001', 4)
INSERT INTO DetailTransaction (MovieID, TransactionID, Quantity)
VALUES ('MOV001', 'SAL002', 3)
INSERT INTO DetailTransaction (MovieID, TransactionID, Quantity)
VALUES ('MOV002', 'SAL003', 6)
INSERT INTO DetailTransaction (MovieID, TransactionID, Quantity)
VALUES ('MOV001', 'SAL004', 1)
INSERT INTO DetailTransaction (MovieID, TransactionID, Quantity)
VALUES ('MOV002', 'SAL005', 2)
INSERT INTO DetailTransaction (MovieID, TransactionID, Quantity)
VALUES ('MOV003', 'SAL006', 2)
INSERT INTO DetailTransaction (MovieID, TransactionID, Quantity)
VALUES ('MOV006', 'SAL007', 2)
INSERT INTO DetailTransaction (MovieID, TransactionID, Quantity)
VALUES ('MOV013', 'SAL008', 3)
INSERT INTO DetailTransaction (MovieID, TransactionID, Quantity)
VALUES ('MOV008', 'SAL009', 1)
INSERT INTO DetailTransaction (MovieID, TransactionID, Quantity)
VALUES ('MOV012', 'SAL010', 4)
INSERT INTO DetailTransaction (MovieID, TransactionID, Quantity)
VALUES ('MOV006', 'SAL011', 6)
INSERT INTO DetailTransaction (MovieID, TransactionID, Quantity)
VALUES ('MOV009', 'SAL012', 5)
INSERT INTO DetailTransaction (MovieID, TransactionID, Quantity)
VALUES ('MOV015', 'SAL013', 2)
INSERT INTO DetailTransaction (MovieID, TransactionID, Quantity)
VALUES ('MOV007', 'SAL014', 2)
INSERT INTO DetailTransaction (MovieID, TransactionID, Quantity)
VALUES ('MOV012', 'SAL015', 4)
INSERT INTO DetailTransaction (MovieID, TransactionID, Quantity)
VALUES ('MOV012', 'SAL016', 1)
INSERT INTO DetailTransaction (MovieID, TransactionID, Quantity)
VALUES ('MOV006', 'SAL017', 12)
INSERT INTO DetailTransaction (MovieID, TransactionID, Quantity)
VALUES ('MOV012', 'SAL018', 5)
INSERT INTO DetailTransaction (MovieID, TransactionID, Quantity)
VALUES ('MOV013', 'SAL019', 3)
INSERT INTO DetailTransaction (MovieID, TransactionID, Quantity)
VALUES ('MOV009', 'SAL020', 4)
INSERT INTO DetailTransaction (MovieID, TransactionID, Quantity)
VALUES ('MOV001', 'SAL021', 5)
INSERT INTO DetailTransaction (MovieID, TransactionID, Quantity)
VALUES ('MOV010', 'SAL022', 7)
INSERT INTO DetailTransaction (MovieID, TransactionID, Quantity)
VALUES ('MOV015', 'SAL023', 3)
INSERT INTO DetailTransaction (MovieID, TransactionID, Quantity)
VALUES ('MOV015', 'SAL024', 2)
INSERT INTO DetailTransaction (MovieID, TransactionID, Quantity)
VALUES ('MOV009', 'SAL025', 1)
INSERT INTO DetailTransaction (MovieID, TransactionID, Quantity)
VALUES ('MOV001', 'SAL026', 7)
INSERT INTO DetailTransaction (MovieID, TransactionID, Quantity)
VALUES ('MOV001', 'SAL027', 4)
INSERT INTO DetailTransaction (MovieID, TransactionID, Quantity)
VALUES ('MOV001', 'SAL028', 2)



-- Insert ke table Review
INSERT INTO Review 
VALUES('USR001','MOV001','Recommended','Film nya sangat bagus untuk ditonton bersama, juga membuat sangat berkesan untuk ditonton. Karena pemeran utamanya dapat membakan peran dengan baik','2011/04/21')
INSERT INTO Review 
VALUES('USR003','MOV003','Recommended','Film nya sangat bagus untuk ditonton bersama, juga membuat sangat berkesan untuk ditonton. Karena pemeran utamanya dapat membakan peran dengan baik','2011/12/22')
INSERT INTO Review 
VALUES('USR004','MOV013','Recommended','Film nya sangat bagus untuk ditonton bersama, juga membuat sangat berkesan untuk ditonton. Karena pemeran utamanya dapat membakan peran dengan baik','2015/03/19')
INSERT INTO Review 
VALUES('USR002','MOV001','Recommended','Film nya sangat bagus untuk ditonton bersama, juga membuat sangat berkesan untuk ditonton. Karena pemeran utamanya dapat membakan peran dengan baik','2011/04/20')
INSERT INTO Review 
VALUES('USR002','MOV002','Recommended','Film nya sangat bagus untuk ditonton bersama, juga membuat sangat berkesan untuk ditonton. Karena pemeran utamanya dapat membakan peran dengan baik','2011/06/09')
INSERT INTO Review 
VALUES('USR007','MOV006','Recommended','Film nya sangat bagus untuk ditonton bersama, juga membuat sangat berkesan untuk ditonton. Karena pemeran utamanya dapat membakan peran dengan baik','2012/09/07')
INSERT INTO Review 
VALUES('USR009','MOV015','Recommended','Film nya sangat bagus untuk ditonton bersama, juga membuat sangat berkesan untuk ditonton. Karena pemeran utamanya dapat membakan peran dengan baik','2016/01/20')
INSERT INTO Review 
VALUES('USR005','MOV012','Recommended','Film nya sangat bagus untuk ditonton bersama, juga membuat sangat berkesan untuk ditonton. Karena pemeran utamanya dapat membakan peran dengan baik','2014/09/10')
INSERT INTO Review 
VALUES('USR006','MOV012','Recommended','Film nya sangat bagus untuk ditonton bersama, juga membuat sangat berkesan untuk ditonton. Karena pemeran utamanya dapat membakan peran dengan baik','2014/09/17')
INSERT INTO Review 
VALUES('USR005','MOV008','Recommended','Film nya sangat bagus untuk ditonton bersama, juga membuat sangat berkesan untuk ditonton. Karena pemeran utamanya dapat membakan peran dengan baik','2013/01/13')
